"pair_ID_year","pair_ID","female_CORT","female_CORT_year","male_CORT","male_CORT_year","same_diff","year_diff","year","female_ID","male_ID","year_paired","years_together","pbvid_mean","CORT_diff","site","male_body_cond","female_body_cond","female_CORT_resid","male_CORT_resid","female_CORT_z","male_CORT_z","female_body_cond_z","male_body_cond_z","female_CORT_log","male_CORT_log"
"J1318 J494_2020","J1318 J494",2,2020,4.07,2020,"same",0,20,"J1318","J494",NA,NA,0.1526382465,-2.07,"Y",-13.467548638979,-13.5281450770855,-1.28527174002984,0.457516744542866,-1.21548126401512,0.602460487629128,-0.549017703718845,-1.46422095192987,0.693147180559945,1.4036429994545
"J1319 J416_2018","J1319 J416",1.91,2018,2.68,2018,"same",0,18,"J1319","J416",NA,NA,0.02985090814,-0.77,"Y",14.0532714634175,-12.4686669604288,-1.36562027109265,-0.14027033459967,-1.2762819942028,-0.578974929358825,-0.491841466499937,0.462064673669078,0.647103242058538,0.985816794522765
"J1337 J1259_2019","J1337 J1259",5.29,2019,6.95,2019,"same",0,19,"J1337","J1259",NA,NA,0.08968386911,-1.66,"Z",-11.3065794270558,-19.2682941866122,0.612647244928557,2.92153339484302,1.00712320617897,3.05032667534517,-0.858792980808908,-1.31296659559886,1.66581824587021,1.9387416595767
"J1349 J1896_201819","J1349 J1896",2.53,2019,2.38,2018,"diff",1,18.5,"J1349","J1896",NA,NA,0.2371046782,0.15,"Y",-7.17918912214555,-21.167548638979,-0.824863990230313,-1.05146685980843,-0.857432519576556,-0.833960990579246,-0.961288937450526,-1.02407503691698,0.928219302739429,0.867100487683383
"J1349 J1896_201920","J1349 J1896",2.53,2019,2.12,2020,"diff",1,19.5,"J1349","J1896",NA,NA,0.2371046782,0.41,"Y",-7.17918912214555,-21.167548638979,-0.824863990230313,-1.31146685980843,-0.857432519576556,-1.05494891030361,-0.961288937450526,-1.02407503691698,0.928219302739429,0.751416088683921
"J164 J831_2018","J164 J831",5.81,2018,2.695,2018,"same",0,18,"J164","J831",NA,NA,0.0318145023685,3.115,"Z",2.43902299175961,-12.088741515192,1.19805041702031,-0.937786396477189,1.35841631393001,-0.566225626297804,-0.47133825171821,-0.350860224638768,1.75958057086382,0.99139820436096
"J1902 J1368_2023","J1902 J1368",3.71,2023,2.78,2023,"same",0,23,"J1902","J1368",19,4,0.017,0.93,"Y",30.0934205729441,24.6506620467014,0.772523618100883,0.421460577842898,-0.060267390449192,-0.493979575618685,1.51135569949304,1.58477499070117,1.31103187661934,1.02245092770255
"J1903 J469_2016","J1903 J469",3.08,2016,2.52,2016,"same",0,16,"J1903","J469",NA,NA,0.061666186,0.56,"Y",9.63319690865416,-1.58948706282523,-0.0965148104011321,-0.427506374819707,-0.485872501762954,-0.71496749534305,0.0952688860342088,0.152687044396506,1.12492959698548,0.924258901523332
"J1903 J469_201819","J1903 J469",2.8,2018,1.93,2019,"diff",1,18.5,"J1903","J469",NA,NA,0.061666186,0.87,"Y",9.63319690865416,-1.58948706282523,-0.376514810401132,-1.01750637481971,-0.675030329013515,-1.21644008240988,0.0952688860342088,0.152687044396506,1.02961941718116,0.657520002916794
"J1915 J1507_201920","J1915 J1507",4.94,2019,3.36,2020,"diff",1,19.5,"J1915","J1507",NA,NA,0.0045301896675,1.58,"Y",-16.7853865508428,-8.68725041992571,1.69882708907975,-0.347990368010823,0.770675922115772,-0.00100652392587008,-0.287771966862171,-1.69644889622481,1.59736533119983,1.21194097397511
"J218 J289_201920","J218 J289",8.82,2019,2.71,2020,"diff",1,19.5,"J218","J289",NA,NA,0.0265936815,6.11,"Z",20.3127495800743,4.83133303957125,4.36218628015225,-0.40827421644577,3.39186295687354,-0.553476323236783,0.441777537362488,0.900189070943747,2.1770218700187,0.99694863489161
"J2375 J837_2020","J2375 J837",7.19,2020,2.94,2020,"same",0,20,"J2375","J837",NA,NA,0.00560904761,4.25,"Z",-0.786504872292553,-18.9080705223222,2.51592875442996,-0.785636276712604,2.29069417680778,-0.35798700963446,-0.839353000541735,-0.576627041774843,1.97269117173296,1.07840958135059
"J2403 J3467_2023","J2403 J3467",3.85,2023,3.36,2023,"same ",0,23,"J2403","J3467",20,3,NA,0.49,"Y",7.83356968247076,-1.45881606995537,0.674675555882841,0.360689647827699,0.0343115231760886,-0.00100652392587008,0.102320731247901,0.0267243716151197,1.34807314829969,1.21194097397511
"J250 J290_201618","J250 J290",2.07,2018,1.97,2016,"diff",2,17,"J250","J290",NA,NA,0.0527448435475,0.0999999999999999,"Y",-7.34598298894932,-3.46754863897899,-1.12362328360073,-1.46626817953328,-1.16819180720248,-1.18244194091382,-0.00608336702480674,-1.03574956648647,0.727548607277278,0.678033542749897
"J2680 J2619_2023","J2680 J2619",3.13,2023,2.26,2023,"same",0,23,"J2680","J2619",21,2,NA,0.87,"Z",11.7923022514944,-14.2664303175293,-1.50178755367506,-1.10354337775971,-0.452094318325354,-0.935955415067415,-0.588860312432685,0.30381094152575,1.14103300455206,0.815364813284194
"J3283 J4666_2023","J3283 J4666",4.22,2023,2.88,2023,"same",0,23,"J3283","J4666",NA,NA,NA,1.34,"Y",9.32166853600614,22.2818922002961,1.26094496703437,-0.0764740146322996,0.28427008061433,-0.408984221878544,1.38352167958666,0.13088200283287,1.43983512804792,1.05779029414785
"J3479 J3470_2023","J3479 J3470",4.18,2023,5.07,2023,"same",0,23,"J3479","J3470",19,4,NA,-0.890000000000001,"X",26.8123768062577,28.1506620467014,0.289579908965118,0.563438194231689,0.257247533864249,1.45241402503053,1.70023815692185,1.35512240690412,1.43031124653666,1.62334081760309
"J3715 J3702_2023","J3715 J3702",3.82,2023,3.89,2023,"same",0,23,"J3715","J3702",22,1,NA,-0.0700000000000003,"Z",1.4536442372341,10.8521531419678,-0.582966189463571,0.2288485410585,0.0140446131135283,0.449468850896875,0.766699622127477,-0.419830586842756,1.34025042261848,1.35840915763035
"J3899 J2488_2023","J3899 J2488",3.56,2023,2.34,2023,"same",0,23,"J3899","J2488",21,2,NA,1.22,"Y",6.53282413483757,-16.4686669604288,0.247941151137949,-0.696753547024372,-0.161601940761992,-0.867959132075303,-0.707707132132868,-0.0643196976257333,1.26976054486394,0.85015092936961
"J41 J323_2018","J41 J323",4.79,2018,2.86,2018,"same",0,18,"J41","J323",17,1,0.06718340717,1.93,"Z",-6.50676581396415,-7.04859240566541,0.223964383344524,-1.03029941581266,0.669341371802971,-0.425983292626572,-0.199339466113912,-0.977009602527731,1.56653041142282,1.05082162483176
"J4109 J4111_2023","J4109 J4111",4.18,2023,6.38,2023,"same",0,23,"J4109","J4111",23,0,NA,-2.2,"Y",-0.245982988949296,-18.9376231937423,0.845449837708741,3.1481120575803,0.257247533864249,2.56585315902637,-0.840947852313567,-0.538793883811824,1.43031124653666,1.8531680973567
"J4645 J4646_2023","J4645 J4646",3.3,2023,4.02,2023,"same",0,23,"J4645","J4646",NA,NA,0.029,-0.72,"Y",6.43356968247073,-26.4088160699554,-0.102610072953773,0.980389319382766,-0.337248494637513,0.559962810759057,-1.2441413581375,-0.0712668897573477,1.19392246847243,1.39128190263093
"J4940 J933_2023","J4940 J933",4.09,2023,5.14,2023,"same ",0,23,"J4940","J933",23,0,NA,-1.05,"Z",-3.08725041992572,-11.548965179482,-0.517032412482974,1.34813457954609,0.196446803676569,1.51191077264863,-0.44220845721797,-0.737664869138883,1.40854497005471,1.63705307946707
"J5088 J2072_2023","J5088 J2072",3.41,2023,2.49,2023,"same",0,23,"J5088","J2072",NA,NA,NA,0.92,"Y",32.3919294776778,20.9112584848079,0.438458981225579,0.197625337696017,-0.262936491074793,-0.740466101465092,1.30955348975347,1.7456562670231,1.22671229129543,0.912282710476616
"J5089 J2126_2023","J5089 J2126",2.23,2023,3.88,2023,"same",0,23,"J5089","J2126",NA,NA,NA,-1.65,"Y",-23.3876231937423,24.4517803681512,-0.709288123276807,-0.018042014567975,-1.06010162020216,0.44096931552286,1.50062276801243,-2.15856425087998,0.802001585472027,1.35583515363518
"J5090 J3693_2023","J5090 J3693",2.08,2023,3.11,2023,"same",0,23,"J5090","J3693",23,0,NA,-1.03,"Y",17.792675025311,28.8112584848079,-0.819574827679862,0.397371945209223,-1.16143617051496,-0.213494908276221,1.7358881793785,0.723799582105241,0.732367893713227,1.13462272619114
"J5123 J5124_2023","J5123 J5124",3.68,2023,4.24,2023,"same",0,23,"J5123","J5124",NA,NA,NA,-0.56,"X",28.0521531419678,26.6105129371748,-0.22445030181087,-0.230873667534474,-0.0805343005117519,0.746952588987366,1.61712182874637,1.44189901187267,1.30291275218084,1.44456326924387
"J5126 J5496_2023","J5126 J5496",4.26,2023,4.43,2023,"same",0,23,"J5126","J5496",NA,NA,NA,-0.17,"X",17.9190545150956,-19.5690397342453,-0.0651296071542478,-0.332564526697213,0.31129262736441,0.908443761093633,-0.875023140265401,0.732645357544957,1.44926916028128,1.48839958405704
"J572 J257_201516","J572 J257",5.12,2015,3.24,2016,"diff",1,15.5,"J572","J257",NA,NA,0.00581891427,1.88,"Z",21.0120040324411,-9.69655135489628,0.529842418819094,0.141854486480633,0.892277382491133,-0.103000948414038,-0.342240321400011,0.949132517949273,1.63315443905142,1.17557332980424
"J572 J257_201819","J572 J257",2.21,2018,2.97,2019,"diff",1,18.5,"J572","J257",NA,NA,0.00581891427,-0.76,"Z",21.0120040324411,-9.69655135489628,-2.38015758118091,-0.128145513519368,-1.0736128935772,-0.332488403512418,-0.342240321400011,0.949132517949273,0.792992515529661,1.08856195281461
"J692 J899_2018","J692 J899",3.37,2018,3.6,2018,"same",0,18,"J692","J899",16,2,0.1545230857,-0.23,"Z",3.35327146341752,-17.2076977485056,-1.28858145418112,-0.00646888669998152,-0.289959037824873,0.202982325050467,-0.747589975380728,-0.286868538249049,1.21491274436427,1.28093384546206
"J792 J5503_2023","J792 J5503",3.39,2023,2.45,2023,"same",0,23,"J792","J5503",23,0,NA,0.94,"Y",25.4528986896009,-19.2902326104584,0.0522376912954329,-0.0421212479104036,-0.276447764449833,-0.774464242961148,-0.859976918925533,1.25996742443308,1.22082992139236,0.896088024556636
"J793 J1352_201718","J793 J1352",5.37,2018,4.71,2017,"diff",1,17.5,"J793","J1352",NA,NA,0.0832618606,0.66,"Y",-2.73892790210031,2.29192947767781,2.2288435142155,1.40635027272666,1.06116829967913,1.14643075156603,0.304735027312798,-0.713284467077351,1.68082790852077,1.54968790802833
"J793 J1352_2019","J793 J1352",2.45,2019,2.53,2019,"same",0,19,"J793","J1352",NA,NA,0.0832618606,-0.0799999999999996,"Y",-2.73892790210031,2.29192947767781,-0.691156485784496,-0.773649727273343,-0.911477613076716,-0.706467959969036,0.304735027312798,-0.713284467077351,0.896088024556636,0.928219302739429
"J908 J587_2019","J908 J587",4.19,2019,3.3,2019,"same",0,19,"J908","J587",NA,NA,0.01169799116,0.890000000000001,"Z",7.67297324436424,-10.5076977485056,-0.40754683641738,-0.182122172016904,0.26400317055177,-0.0520037361699544,-0.386014985445569,0.0154836233708456,1.43270073393405,1.19392246847243
"J912 J1360_2019","J912 J1360",5.18,2019,3.07,2019,"same",0,19,"J912","J1360",NA,NA,0.08057138889,2.11,"Z",1.57148214909791,-48.8857593246594,0.232842668237272,-0.587759382833374,0.932811202616252,-0.247493049772277,-2.45714143740508,-0.411582668542019,1.64480505627139,1.12167756159911
"J990 J909_2020","J990 J909",3.61,2020,4.51,2020,"same",0,20,"J990","J909",NA,NA,0.0009243398435,-0.9,"Z",26.6737187919974,20.6517803681512,-0.703695069765475,1.57483231817466,-0.127823757324392,0.976440044085745,1.29555038566115,1.34541721139215,1.28370777234479,1.50629715351459
"J990 J909_2023","J990 J909",2.02,2023,1.89,2023,"same",0,23,"J990","J909",NA,NA,0.0009243398435,0.13,"Z",26.6737187919974,20.6517803681512,-2.29369506976547,-1.04516768182534,-1.20196999064008,-1.25043822390593,1.29555038566115,1.34541721139215,0.703097511413113,0.636576829071551
