"JID","batch","feather_id","feather_id_new","feather_year_sampled","feather_date","box","BTO","feather_length","feather_weight","extraction_weight_g","extraction_weight_mg","extraction_volume_ml","evaporation_volume_ml","assaybuffer_ml","dilution","CORT_pg.mL","CORT_pg.dL","CORT_pg.mg","CORT_pg.mg.1","site","sex","bite","box_year","feather_year_grown","year_diff","age_2022","age","JID_year_before","JID_year_grown","JID_year_sampled","tarsus_year_before","weight_year_before","tarsus_year_grown","weight_year_grown","tarsus_year_sampled","weight_year_sampled","tarsus","weight","box_grown","box_grown_year","box_owner_grown","partner_yr_before","partner_yr_grown","partner_yr_sampled","pair_ID_yr_before","pair_ID","pair_ID_year","clutch_size","fledge_nr","fledge_weight","pbvid","body_cond","body_cond_binary","body_cond_binary_num","sex_num","pbvid_mean","pair_ID2","box_density","box_density_cat","mean_tarsus","pair_ID_year2","mean_weight","mean_body_cond","pair_ID_yr_sampled2","feather_year_before","pair_ID_yr_before2","pbvid_mean_yr_before","pbvid_mean_yr_grown","pbvid_mean_yr_sampled","paired_year","repaired_year","feather_year_grown_paired","feather_year_grown_repaired","partner_samediff1","partner_samediff2","partner_samediff3","partner_same","disturbance","body_cond_early","brood_size_early","site_early","site_change","body_cond_c","age_c","body_cond_noNA","pair_ID_yr_sampled","pbvid_mean_c","visit_number","visit_duration","degree","eigenvector","betweenness","strength","mean_strength","closeness","transitivity","pc1","pc2","visit_nr_own_box","visit_nr_prospect"
"J1001","B",65,"B65",2023,"19/05/2023","Z16","EY69903",11.4,0.0931,0.0836,83.6,3,1.5,0.25,1,710.1,0.071,4.25,4.25,"Z","F",NA,"Z16_2023",2022,0,8,8,"J1001_2021","J1001_2022","J1001_2023",NA,NA,NA,NA,42,235.4,42,235.4,"Z16","Z16_2022","owner","J2077","J2077","J2077","J1001 J2077","J1001 J2077","J1001 J2077_2022",4,2,439.7,0.019,6.69118393004464,"positive",1,0,0.019,"J1001J2077",3,"Medium",42.1,"J1001J2077_2022",232.166666666667,4.83440390969311,"J1001J2077_2023",2021,"J1001J2077_2021",NA,0.019,NA,NA,2020,NA,2,1,1,1,3,"Medium",-1.091659255,3,"Z","same_site",6.7041454640695,3.14457831325301,6.69118393004464,"J1001 J2077",-0.0604022671137624,90,8.74427779250675,51,0.0449406446288742,173,1.32140883184131,0.0259099770949277,0.245969046328961,0.723137254901961,-0.269178804348288,-0.74658430778174,2366,72
"J1076","B",42,"B42",2023,"19/06/2023","NO","EY69846",11.1,0.0852,0.0681,68.1,3,1.5,0.25,1,646.3,0.0646,4.75,4.75,"Z","F",NA,"NO_2023",2022,0,8,8,"J1076_2021","J1076_2022","J1076_2023",NA,NA,NA,NA,42.2,243.7,42.2,243.7,NA,"NA_2022","non-owner",NA,NA,"J3477",NA,NA,"NA_2022",NA,NA,NA,NA,13.6313330395712,"positive",1,0,NA,NA,NA,NA,42.3,"NA_2022",225.5,15.6428689702333,"J1076J3477_2023",2021,"NA_2021",NA,NA,NA,2023,NA,-1,NA,1,1,1,3,NA,43.36746615,3,"Z","same_site",13.6442945735961,3.14457831325301,13.6313330395712,"J1076 J3477",NA,NA,NA,NA,NA,NA,NA,NA,NA,NA,NA,NA,NA,NA
"J1093","B",20,"B20",2023,"20/04/2023","Z32","EY69938",11.6,0.1001,0.0907,90.7,3,1.5,0.25,1,522.9,0.0523,2.88,2.88,"Z","M",1.25,"Z32_2023",2022,0,8,8,"J1093_2021","J1093_2022","J1093_2023",NA,NA,NA,NA,45.2,270.7,45.2,270.7,"Z32","Z32_2022","owner","J1916","J1916","J1916","J1916 J1093","J1916 J1093","J1916 J1093_2022",4,0,NA,NA,20.2335696824707,"positive",1,1,NA,"J1916J1093",2,"Low",44.8363636363636,"J1916J1093_2022",223.784615384615,-3.47344266797301,"J1916J1093_2023",2021,"J1916J1093_2021",NA,NA,NA,NA,NA,NA,NA,1,1,1,3,"Medium",6.190848946,2,"Z","same_site",20.2465312164956,3.14457831325301,20.2335696824707,"J1916 J1093",NA,NA,NA,NA,NA,NA,NA,NA,NA,NA,NA,NA,NA,24
"J1171","B",3,"B3",2023,"25/05/2023","Y01","EA78531",12.4,0.1088,0.0936,93.6,3,2,0.25,1,751.3,0.0751,3.01,3.01,"Y","M",1.9,"Y01_2023",2022,0,8,8,"J1171_2021","J1171_2022","J1171_2023",NA,NA,NA,NA,43.7,262.7,43.7,262.7,"Y01","Y01_2022","owner","J1031","J1031","J1031","J1031 J1171","J1031 J1171","J1031 J1171_2022",4,2,462.7,NA,22.432451361021,"positive",1,1,NA,"J1031J1171",1,"Low",43.88125,"J1031J1171_2022",240.7,9.64742896082616,"J1031J1171_2023",2021,"J1031J1171_2021",NA,NA,NA,2019,NA,3,NA,1,1,1,3,"Medium",44.08571697,2,"Y","same_site",22.4454128950458,3.14457831325301,22.432451361021,"J1031 J1171",NA,NA,NA,NA,NA,NA,NA,NA,NA,NA,NA,NA,1966,15
"J1222","B",9,"B9",2023,"14/06/2023","Z27","EY69962",11.3,0.09,0.0802,80.2,3,2,0.25,1,993.1,0.0993,4.64,4.64,"Z","F",1.5,"Z27_2023",2022,0,8,8,"J1222_2021","J1222_2022","J1222_2023",42,215.5,NA,NA,42,216.5,42,216,NA,"NA_2022","non-owner","J1155",NA,"J899","J1222 J1155",NA,"NA_2022",NA,NA,NA,NA,-12.7088160699554,"negative",0,0,NA,NA,NA,NA,42.04,"NA_2022",208.3,-13.3322627569735,"J1222J899_2023",2021,"J1222J1155_2021",NA,NA,NA,NA,2023,NA,-1,1,1,2,4,"Medium",27.63533746,4,"Z","same_site",-12.6958545359305,3.14457831325301,-12.7088160699554,"J1222 J899",NA,240,6.23243750929832,48,0.0308635284878402,245,1.53838362415096,0.0320496588364782,0.171275965256527,0.461879432624113,-0.359508209914816,0.829125749688681,NA,1
"J1351","B",53,"B53",2023,"20/04/2023","Z10","EY69980",11.5,0.1085,0.0977,97.7,3,1.5,0.25,1,646.7,0.0647,3.31,3.31,"Z","M",3.5,"Z10_2023",2022,0,10,10,"J1351_2021","J1351_2022","J1351_2023",NA,NA,NA,NA,43.7,267.2,43.7,267.2,"Z10","Z10_2022","owner","J42","J42","J42","J42 J1351","J42 J1351","J42 J1351_2022",5,2,490.3,0.314,26.932451361021,"positive",1,1,0.314,"J42J1351",4,"Medium",43.4333333333333,"J42J1351_2022",244,7.00282693911864,"J42J1351_2023",2021,"J42J1351_2021",NA,0.314,NA,NA,NA,NA,NA,1,1,1,3,"Medium",NA,NA,NA,NA,26.9454128950458,5.14457831325301,26.932451361021,"J42 J1351",0.234597732886238,1015,14.7720472883121,88,0.11983046023132,3725,3.2899523108002,0.0373858217136387,0.284088207503767,0.505747126436782,-3.68849124680343,-2.20322855175546,2447,8
"J1368","B",52,"B52",2023,"21/04/2023","Y33","EZ25525",11.9,0.1013,0.0999,99.9,3,1.5,0.25,1,555.1,0.0555,2.78,2.78,"Y","M",1.2,"Y33_2023",2022,0,9,9,"J1368_2021","J1368_2022","J1368_2023",NA,NA,NA,NA,45,279.2,45,279.2,"Y33","Y33_2022","owner","J1902","J1902","J1902","J1902 J1368","J1902 J1368","J1902 J1368_2022",4,2,443.6,0.017,30.0934205729441,"positive",1,1,0.017,"J1902J1368",0,"Low",44.78,"J1902J1368_2022",257.76,15.7087280140097,"J1902J1368_2023",2021,"J1902J1368_2021",NA,0.017,NA,NA,2019,NA,3,1,1,1,3,NA,NA,NA,NA,NA,30.106382106969,4.14457831325301,30.0934205729441,"J1902 J1368",-0.0624022671137624,694,7.55282708959552,94,0.980760441113158,588,3.20173548511698,0.0340610157991168,0.219227614554399,0.575840768702814,-3.70778613389351,1.60711750274532,2542,20
"J1529","B",34,"B34",2023,"08/06/2023","Y32","EA79410",12.1,0.1011,0.0955,95.5,3,1.5,0.25,1,551.1,0.0551,2.89,2.89,"Y","M",1.2,"Y32_2023",2022,0,8,8,"J1529_2021","J1529_2022","J1529_2023",44.3,239.1,NA,NA,43.3,253.8,43.8,246.45,"Y32","Y32_2022","owner","J1046","J1046","J1046","J1046 J1529","J1046 J1529","J1046 J1529_2022",6,3,581.9,NA,5.50252591578434,"positive",1,1,NA,"J1046J1529",0,"Low",43.3,"J1046J1529_2022",232.142857142857,2.2792652786267,"J1046J1529_2023",2021,"J1046J1529_2021",NA,NA,NA,NA,NA,NA,NA,1,1,1,3,NA,NA,NA,NA,NA,5.5154874498092,3.14457831325301,5.50252591578434,"J1046 J1529",NA,669,8.54952615650958,85,0.953818519006091,831,2.89749729583134,0.0340882034803687,0.248326379336248,0.635854341736695,-3.50515788465769,0.718915254754209,3022,21
"J1902","B",11,"B11",2023,"21/04/2023","Y33","EZ25884",10.6,0.0818,0.0758,75.8,3,1.5,0.25,1,562.6,0.0563,3.71,3.71,"Y","F",0.333333333333333,"Y33_2023",2022,0,9,9,"J1902_2021","J1902_2022","J1902_2023",NA,NA,NA,NA,41.3,248.6,41.3,248.6,"Y33","Y33_2022","owner","J1368","J1368","J1368","J1902 J1368","J1902 J1368","J1902 J1368_2022",4,2,443.6,0.017,24.6506620467014,"positive",1,0,0.017,"J1902J1368",0,"Low",41.32,"J1902J1368_2022",226,4.32170977081253,"J1902J1368_2023",2021,"J1902J1368_2021",NA,0.017,NA,NA,2019,NA,3,1,1,1,3,NA,NA,NA,NA,NA,24.6636235807263,4.14457831325301,24.6506620467014,"J1902 J1368",-0.0624022671137624,330,9.45557879390139,79,0.825849402333958,220,2.60253513058972,0.0329434826656927,0.219227900428349,0.626095423563778,-2.69278356247088,1.30824904344724,2529,12
"J2072","B",64,"B64",2023,"07/04/2023","Y31","EZ62119",12.3,0.1122,0.1058,105.8,3,1.5,0.25,1,527.4,0.0527,2.49,2.49,"Y","M",5.5,"Y31_2023",2022,0,6,6,"J2072_2021","J2072_2022","J2072_2023",NA,NA,NA,NA,43,267.9,43,267.9,NA,"NA_2022","non-owner",NA,NA,"J5088",NA,NA,"NA_2022",NA,NA,NA,NA,32.3919294776778,"positive",1,1,NA,NA,NA,NA,43.525,"NA_2022",234.125,17.8693179695094,"J5088J2072_2023",2021,"NA_2021",NA,NA,NA,NA,NA,NA,NA,1,1,1,3,"Low",33.15872026,2,"Y","same_site",32.4048910117026,1.14457831325301,32.3919294776778,"J5088 J2072",NA,75,8.34085333506266,80,0.483016242694215,10,1.98091195066014,0.0247613993832518,0.195141682825371,0.654746835443038,-1.51886884343954,1.2751329575564,NA,72
"J2126","B",40,"B40",2023,"17/06/2023","Y35","EA79134",11.4,0.0933,0.086,86,3,1.5,0.25,1,667.6,0.0668,3.88,3.88,"Y","M",2.66666666666667,"Y35_2023",2022,0,6,6,"J2126_2021","J2126_2022","J2126_2023",NA,NA,43.6,210.5,43.6,221.9,43.6,216.2,NA,"NA_2022","non-owner","UNM6.J2126.2021",NA,"J5088","UNM6.J2126.2021 J2126",NA,"NA_2022",NA,NA,NA,NA,-23.3876231937423,"negative",0,1,NA,NA,NA,NA,43.8333333333333,"NA_2022",219.711111111111,-19.5360428718439,"J5088J2126_2023",2021,"UNM6.J2126.2021J2126_2021",NA,NA,NA,2018,2021,4,1,1,1,2,4,"Low",15.13172354,1,"Y","same_site",-23.3746616597175,1.14457831325301,-23.3876231937423,"J5088 J2126",NA,622,13.0717974322402,89,0.52558415860562,545,2.09978805023123,0.0235931241599015,0.214608497397556,0.593973442288049,-2.22113313373827,0.791522618422949,576,17
"J2149","B",31,"B31",2023,"17/06/2023","Z05","EZ62091",11.9,0.0951,0.0861,86.1,3,1.5,0.25,1,775.8,0.0776,4.51,4.51,"Z","M",2.25,"Z05_2023",2022,0,6,6,"J2149_2021","J2149_2022","J2149_2023",NA,NA,NA,NA,45.4,238.4,45.4,238.4,"Z05","Z05_2022","owner","J2951","J2951","J2951","J2951 J2149","J2951 J2149","J2951 J2149_2022",5,2,494.7,NA,-13.4262812080026,"negative",0,1,NA,"J2951J2149",2,"Low",45.3,"J2951J2149_2022",243,-1.61561334995571,"J2951J2149_2023",2021,"J2951J2149_2021",NA,NA,NA,2020,NA,2,NA,1,1,1,3,"Low",14.97335715,1,"Z","same_site",-13.4133196739777,1.14457831325301,-13.4262812080026,"J2951 J2149",NA,3,6.15666667620341,9,0.00333759096104196,0,0.0826835803894426,0.00918706448771585,0.218834980249761,1,2.03060531333261,-0.844546574329406,921,16
"J2391","B",1,"B1",2023,"05/06/2023","Y07","EZ62127",11.8,0.1032,0.0941,94.1,3,2,0.25,1,806.6,0.0807,3.21,3.21,"Y","M",0.5,"Y07_2023",2022,0,8,8,"J2391_2021","J2391_2022","J2391_2023",NA,NA,NA,NA,42.5,244.4,42.5,244.4,"Y07","Y07_2022","owner","J896","J3492","J3019","J896 J2391","J3492 J2391","J3492 J2391_2022",4,0,NA,NA,12.2915567038612,"positive",1,1,NA,"J3492J2391",3,"Medium",43,"J3492J2391_2022",242.366666666667,8.51058945455537,"J3019J2391_2023",2021,"J896J2391_2021",NA,NA,NA,NA,2022,NA,0,2,2,2,6,"Medium",NA,NA,NA,NA,12.3045182378861,3.14457831325301,12.2915567038612,"J3019 J2391",NA,NA,NA,NA,NA,NA,NA,NA,NA,NA,NA,NA,NA,NA
"J2395","B",43,"B43",2023,"25/06/2023","Z03","EZ62132",12,0.1129,0.1136,113.6,3,1.5,0.25,1,1091.3,0.1091,4.8,4.8,"Z","M",5.25,"Z03_2023",2022,0,8,8,"J2395_2021","J2395_2022","J2395_2023",44.8,258.1,NA,NA,45.2,251.4,45,254.75,"Z03","Z03_2022","owner","J1154","J1154","J1154","J1154 J2395","J1154 J2395","J1154 J2395_2022",4,2,437.7,0.096,5.64342057294414,"positive",1,1,0.096,"J1154J2395",0,"Low",44.7333333333333,"J1154J2395_2022",249.433333333333,3.01287272614189,"J1154J2395_2023",2021,"J1154J2395_2021",NA,0.096,NA,NA,2018,NA,4,1,1,1,3,NA,NA,NA,NA,NA,5.656382106969,3.14457831325301,5.64342057294414,"J1154 J2395",0.0165977328862376,10,10.2557999849319,23,0.00752863241942599,0,0.608280706795196,0.026446987251965,0.221978968663866,0.470355731225296,0.249739093607804,-0.526631388560556,3407,20
"J2403","B",19,"B19",2023,"16/05/2023","Y09","EZ62146",11.4,0.0909,0.084,84,3,1.5,0.25,1,646,0.0646,3.85,3.85,"Y","F",0.333333333333333,"Y09_2023",2022,0,8,8,"J2403_2021","J2403_2022","J2403_2023",NA,NA,NA,NA,41.5,241.2,41.5,241.2,"Y09","Y09_2022","owner","J3467","J3467","J3467","J2403 J3467","J2403 J3467","J2403 J3467_2022",3,0,NA,NA,15.890811156228,"positive",1,0,NA,"J2403J3467",2,"Low",41.975,"J2403J3467_2022",229.3,2.87382258401782,"J2403J3467_2023",2021,"J2403J3467_2021",NA,NA,NA,NA,2020,NA,2,1,1,1,3,"Medium",NA,NA,NA,NA,15.9037726902529,3.14457831325301,15.890811156228,"J2403 J3467",NA,NA,NA,NA,NA,NA,NA,NA,NA,NA,NA,NA,NA,NA
"J2460","B",59,"B59",2023,"17/04/2023","Y30","EZ62190",11.4,0.0801,0.0682,68.2,3,1.5,0.25,1,412.9,0.0413,3.03,3.03,"Y","F",1.5,"Y30_2023",2022,0,8,8,"J2460_2021","J2460_2022","J2460_2023",NA,NA,NA,NA,40.7,251.8,40.7,251.8,"Y30","Y30_2022","owner","J625","J625","J625","J2460 J625","J2460 J625","J2460 J625_2022",5,2,446.6,0.076,31.9302147181215,"positive",1,0,0.076,"J2460J625",2,"Low",41.025,"J2460J625_2022",216.125,-3.41492882444786,"J2460J625_2023",2021,"J2460J625_2021",NA,0.076,NA,NA,NA,NA,NA,1,1,1,3,"Low",NA,NA,NA,NA,31.9431762521464,3.14457831325301,31.9302147181215,"J2460 J625",-0.00340226711376236,NA,NA,NA,NA,NA,NA,NA,NA,NA,NA,NA,2907,31
"J2488","B",35,"B35",2023,"30/05/2023","Y02","EA79274",12.5,0.1143,0.1025,102.5,3,1.5,0.25,1,479.3,0.0479,2.34,2.34,"Y","M",4.5,"Y02_2023",2022,0,6,6,"J2488_2021","J2488_2022","J2488_2023",NA,NA,NA,NA,44.2,250.2,44.2,250.2,NA,"NA_2022","non-owner","J3899",NA,"J3899","J3899 J2488",NA,"NA_2022",NA,NA,NA,NA,6.53282413483757,"positive",1,1,NA,NA,NA,NA,44.9666666666667,"NA_2022",239.533333333333,0.308728014009701,"J3899J2488_2023",2021,"J3899J2488_2021",NA,NA,NA,2021,NA,1,NA,1,1,1,3,"Medium",NA,NA,NA,NA,6.54578566886243,1.14457831325301,6.53282413483757,"J3899 J2488",NA,NA,NA,NA,NA,NA,NA,NA,NA,NA,NA,NA,543,165
"J2500","B",38,"B38",2023,"10/06/2023","Z23","EA79415",11.3,0.0857,0.0752,75.2,3,1.5,0.25,1,824.4,0.0824,5.48,5.48,"Z","F",NA,"Z23_2023",2022,0,6,6,"J2500_2021","J2500_2022","J2500_2023",NA,NA,NA,NA,41.6,225.5,41.6,225.5,"Z25","Z25_2022","owner","J2168","J2168","J2168","J2500 J2168","J2500 J2168","J2500 J2168_2022",5,2,543.2,NA,-0.489114289008645,"negative",0,0,NA,"J2500J2168",5,"Medium",41.6666666666667,"J2500J2168_2022",225.666666666667,0.716946879784964,"J2500J2168_2023",2021,"J2500J2168_2021",NA,NA,NA,NA,NA,NA,NA,1,1,1,3,"High",NA,NA,NA,NA,-0.476152754983786,1.14457831325301,-0.489114289008645,"J2500 J2168",NA,NA,NA,NA,NA,NA,NA,NA,NA,NA,NA,NA,2168,211
"J2619","B",17,"B17",2023,"07/04/2023","Z19","EZ62475",11.9,0.1047,0.0924,92.4,3,1.5,0.25,1,418.4,0.0418,2.26,2.26,"Z","M",0,"Z19_2023",2022,0,5,5,"J2619_2021","J2619_2022","J2619_2023",NA,NA,NA,NA,43.5,250.7,43.5,250.7,NA,"NA_2022","non-owner","J2680",NA,"J2680","J2680 J2619",NA,"NA_2022",NA,NA,NA,NA,11.7923022514944,"positive",1,1,NA,NA,NA,NA,43.3,"NA_2022",236.9,13.2195814239233,"J2680J2619_2023",2021,"J2680J2619_2021",NA,NA,NA,2021,NA,1,NA,1,1,1,3,"High",12.44484238,3,"Z","same_site",11.8052637855192,0.144578313253012,11.7923022514944,"J2680 J2619",NA,33,4.04393938093474,26,0.00903367534963221,10,0.687868127245274,0.0264564664325106,0.21615100062393,0.584615384615385,0.470009924444286,-0.402564338134688,NA,637
"J2680","B",16,"B16",2023,"07/04/2023","Z19","EZ62560",11.5,0.0851,0.0746,74.6,3,1.5,0.25,1,467.4,0.0467,3.13,3.13,"Z","F",0.333333333333333,"Z19_2023",2022,0,5,5,"J2680_2021","J2680_2022","J2680_2023",NA,NA,NA,NA,45.2,236.2,45.2,236.2,NA,"NA_2022","non-owner","J2619",NA,"J2619","J2680 J2619",NA,"NA_2022",NA,NA,NA,NA,-14.2664303175293,"negative",0,0,NA,NA,NA,NA,44.5333333333333,"NA_2022",226,-20.27857439518,"J2680J2619_2023",2021,"J2680J2619_2021",NA,NA,NA,2021,NA,1,NA,1,1,1,3,"High",-14.57264941,2,"Z","same_site",-14.2534687835044,0.144578313253012,-14.2664303175293,"J2680 J2619",NA,NA,NA,NA,NA,NA,NA,NA,NA,NA,NA,NA,NA,369
"J2701","B",6,"B6",2023,"18/05/2023","Z31","EZ62561",11.1,0.085,0.076,76,3,2,0.25,1,656.8,0.0657,3.24,3.24,"Z","F",0,"Z31_2023",2022,0,5,5,"J2701_2021","J2701_2022","J2701_2023",NA,NA,NA,NA,43.3,203.7,43.3,203.7,NA,"NA_2022","non-owner",NA,NA,"J2396",NA,NA,"NA_2022",NA,NA,NA,NA,-33.8478468580322,"negative",0,0,NA,NA,NA,NA,42.9,"NA_2022",199.1,-31.5685113485078,"J2701J2396_2023",2021,"NA_2021",NA,NA,NA,2020,NA,2,NA,1,1,1,3,"Medium",3.153588284,2,"Z","same_site",-33.8348853240074,0.144578313253012,-33.8478468580322,"J2701 J2396",NA,NA,NA,NA,NA,NA,NA,NA,NA,NA,NA,NA,NA,NA
"J2941","B",4,"B4",2023,"25/06/2023","Y26","EA78777",12.4,0.1122,0.103,103,3,2,0.25,1,898.4,0.0898,3.27,3.27,"Y","M",3.66666666666667,"Y26_2023",2022,0,7,7,"J2941_2021","J2941_2022","J2941_2023",NA,NA,NA,NA,45.6,257.2,45.6,257.2,"Y26","Y26_2022","owner","J2952","J2952","J2952","J2952 J2941","J2952 J2941","J2952 J2941_2022",5,3,594.2,0.028,4.01386790152402,"positive",1,1,0.028,"J2952J2941",2,"Low",45.325,"J2952J2941_2022",255.2625,4.55323544544944,"J2952J2941_2023",2021,"J2952J2941_2021",NA,0.028,NA,NA,NA,NA,NA,1,1,1,3,"Low",NA,NA,NA,NA,4.02682943554888,2.14457831325301,4.01386790152402,"J2952 J2941",-0.0514022671137624,742,5.90355391097519,105,0.827402778015252,353,3.04706100130559,0.0290196285838628,0.213029828164743,0.497069597069597,-3.63508864910801,1.68382422108205,2354,106
"J2969","B",47,"B47",2023,"09/04/2023","Z41","EZ62569",10.9,0.0847,0.0782,78.2,3,1.5,0.25,1,478,0.0478,3.06,3.06,"Z","F",1.5,"Z41_2023",2022,0,5,5,"J2969_2021","J2969_2022","J2969_2023",NA,NA,NA,NA,43.4,254.6,43.4,254.6,"Z41","Z41_2022","owner","J2331","J2331","J2331","J2969 J2331","J2969 J2331","J2969 J2331_2022",5,0,NA,0.046,16.3722276967311,"positive",1,0,0.046,"J2969J2331",0,"Low",43.7,"J2969J2331_2022",222.85,-7.8470852427434,"J2969J2331_2023",2021,"J2969J2331_2021",NA,0.046,NA,2020,NA,2,NA,1,1,1,3,NA,-15.86827646,2,"Z","same_site",16.3851892307559,0.144578313253012,16.3722276967311,"J2969 J2331",-0.0334022671137624,44,4.41650000485507,53,0.0399151120903758,6,1.4013921168269,0.0264413606948471,0.187110907491531,0.756168359941945,0.244443829730916,0.5373872170353,1899,229
"J3283","B",61,"B61",2023,"27/05/2023","Y03","EZ62832",9.9,0.0724,0.0701,70.1,3,1.5,0.25,1,592.2,0.0592,4.22,4.22,"Y","F",1.4,"Y03_2023",2022,0,4,4,"J3283_2021","J3283_2022","J3283_2023",NA,NA,43.4,273,42.5,241.9,42.95,257.45,"Y03","Y03_2022","owner",NA,"J4666","J4666",NA,"J3283 J4666","J3283 J4666_2022",2,0,NA,NA,22.2818922002961,"positive",1,0,NA,"J3283J4666",3,"Medium",42.5833333333333,"J3283J4666_2022",223.35,9.49365933347489,"J3283J4666_2023",2021,"NA_2021",NA,NA,NA,NA,NA,NA,NA,1,1,1,3,"Medium",-5.609151054,2,"Y","same_site",22.294853734321,-0.855421686746988,22.2818922002961,"J3283 J4666",NA,NA,NA,NA,NA,NA,NA,NA,NA,NA,NA,NA,1051,381
"J3326","B",57,"B57",2023,"06/06/2023","X23","EZ62929",11,0.0855,0.079,79,3,1.5,0.25,1,723.7,0.0724,4.58,4.58,"X","F",NA,"X23_2023",2022,0,4,4,"J3326_2021","J3326_2022","J3326_2023",NA,NA,NA,NA,40.8,203.6,40.8,203.6,NA,"NA_2022","non-owner",NA,NA,"UNM6.X23.23",NA,NA,"NA_2022",NA,NA,NA,NA,-16.9497107271152,"negative",0,0,NA,NA,NA,NA,40.8,"NA_2022",203.6,-14.3089752106634,"J3326UNM6.X23.23_2023",2021,"NA_2021",NA,NA,NA,NA,NA,NA,NA,1,1,1,3,"",7.908340745,3,"Z","diff_site",-16.9367491930903,-0.855421686746988,-16.9497107271152,"J3326 UNM6.X23.23",NA,NA,NA,NA,NA,NA,NA,NA,NA,NA,NA,NA,NA,NA
"J3342","B",50,"B50",2023,"10/04/2023","NO","EZ62921",11.2,0.0973,0.0965,96.5,3,1.5,0.25,1,592.2,0.0592,3.07,3.07,"Z","M",3,"NO_2023",2022,0,4,4,"J3342_2021","J3342_2022","J3342_2023",NA,NA,NA,NA,42.6,244.2,42.6,244.2,NA,"NA_2022","non-owner",NA,NA,"UNMARKED",NA,NA,"NA_2022",NA,NA,NA,NA,11.4116312586245,"positive",1,1,NA,NA,NA,NA,42.6,"NA_2022",244.2,13.243395879061,"UNMARKEDJ3342_2023",2021,"NA_2021",NA,NA,NA,NA,NA,NA,NA,1,1,1,3,NA,10.33533746,2,"Z","same_site",11.4245927926494,-0.855421686746988,11.4116312586245,"UNMARKED J3342",NA,NA,NA,NA,NA,NA,NA,NA,NA,NA,NA,NA,NA,NA
"J3461","B",27,"B27",2023,"06/06/2023","X25","EZ62871",10.6,0.0815,0.0791,79.1,3,1.5,0.25,1,749.3,0.0749,4.74,4.74,"X","M",0,"X25_2023",2022,0,6,6,"J3461_2021","J3461_2022","J3461_2023",NA,NA,NA,NA,43.7,252,43.7,252,"X25","X25_2022","owner","J2964","J4949","J4949","J2964 J3461","J4949 J3461","J4949 J3461_2022",4,2,428,NA,11.732451361021,"positive",1,1,NA,"J4949J3461",2,"Low",44.5,"J4949J3461_2022",250.35,5.62089869599242,"J4949J3461_2023",2021,"J2964J3461_2021",NA,NA,NA,2019,2022,3,0,2,1,2,5,"",NA,NA,NA,NA,11.7454128950459,1.14457831325301,11.732451361021,"J4949 J3461",NA,NA,NA,NA,NA,NA,NA,NA,NA,NA,NA,NA,NA,NA
"J3467","B",33,"B33",2023,"16/05/2023","Y09","EZ62773",11.7,0.1006,0.0869,86.9,3,1.5,0.25,1,584.6,0.0585,3.36,3.36,"Y","M",0,"Y09_2023",2022,0,5,5,"J3467_2021","J3467_2022","J3467_2023",NA,NA,NA,NA,45.2,258.3,45.2,258.3,"Y09","Y09_2022","owner","J2403","J2403","J2403","J2403 J3467","J2403 J3467","J2403 J3467_2022",3,0,NA,NA,7.83356968247076,"positive",1,1,NA,"J2403J3467",2,"Low",46.4,"J2403J3467_2022",248.5,8.49682078644081,"J2403J3467_2023",2021,"J2403J3467_2021",NA,NA,NA,NA,NA,NA,NA,1,1,1,3,"Medium",NA,NA,NA,NA,7.84653121649562,0.144578313253012,7.83356968247076,"J2403 J3467",NA,NA,NA,NA,NA,NA,NA,NA,NA,NA,NA,NA,NA,16
"J3470","B",24,"B24",2023,"15/04/2023","X35","EZ62794",12,0.1088,0.0979,97.9,3,1.5,0.25,1,993.1,0.0993,5.07,5.07,"X","M",1,"X35_2023",2022,0,6,6,"J3470_2021","J3470_2022","J3470_2023",NA,NA,NA,NA,43.6,266.4,43.6,266.4,"X35","X35_2022","owner","J3479","J3479","J3479","J3479 J3470","J3479 J3470","J3479 J3470_2022",5,2,305,NA,26.8123768062577,"positive",1,1,NA,"J3479J3470",3,"Medium",43.6,"J3479J3470_2022",257.5,19.2947131511302,"J3479J3470_2023",2021,"J3479J3470_2021",NA,NA,NA,2019,NA,3,NA,1,1,1,3,"",NA,NA,NA,NA,26.8253383402825,1.14457831325301,26.8123768062577,"J3479 J3470",NA,NA,NA,NA,NA,NA,NA,NA,NA,NA,NA,NA,NA,NA
"J3479","B",10,"B10",2023,"15/04/2023","X35","EZ62847",10.7,0.0869,0.074,74,3,1.5,0.25,1,618.4,0.0618,4.18,4.18,"X","F",0,"X35_2023",2022,0,6,6,"J3479_2021","J3479_2022","J3479_2023",NA,NA,NA,NA,41.3,252.1,41.3,252.1,"X35","X35_2022","owner","J3470","J3470","J3470","J3479 J3470","J3479 J3470","J3479 J3470_2022",5,2,305,NA,28.1506620467014,"positive",1,0,NA,"J3479J3470",3,"Medium",41.3,"J3479J3470_2022",228.8,7.26668342537118,"J3479J3470_2023",2021,"J3479J3470_2021",NA,NA,NA,2019,NA,3,NA,1,1,1,3,"",NA,NA,NA,NA,28.1636235807263,1.14457831325301,28.1506620467014,"J3479 J3470",NA,NA,NA,NA,NA,NA,NA,NA,NA,NA,NA,NA,NA,NA
"J3508","B",58,"B58",2023,"18/05/2023","Z45","EZ62980",11.2,0.0917,0.08,80,3,1.5,0.25,1,750.6,0.0751,4.69,4.69,"Z","F",1,"Z45_2023",2022,0,5,5,"J3508_2021","J3508_2022","J3508_2023",NA,NA,NA,NA,43.1,231.1,43.1,231.1,"Z45","Z45_2022","owner","J2783","J2783","J2783","J3508 J2783","J3508 J2783","J3508 J2783_2022",6,2,743,NA,-5.0879959675589,"negative",0,0,NA,"J3508J2783",1,"Low",43.525,"J3508J2783_2022",221.875,-13.4134006368583,"J3508J2783_2023",2021,"J3508J2783_2021",NA,NA,NA,NA,NA,NA,NA,1,1,1,3,"Low",NA,NA,NA,NA,-5.07503443353404,0.144578313253012,-5.0879959675589,"J3508 J2783",NA,10,1.22260000705719,10,0.00269091715874314,0,0.330659372191354,0.0330659372191354,0.20177329254993,0.933333333333333,1.86254740423767,-0.403873094561148,NA,37
"J3693","B",15,"B15",2023,"09/04/2023","Y17","EY24307",11.7,0.1023,0.0947,94.7,3,1.5,0.25,1,589.2,0.0589,3.11,3.11,"Y","M",1,"Y17_2023",2022,0,5,5,"J3693_2021","J3693_2022","J3693_2023",NA,NA,NA,NA,44,260.1,44,260.1,"Y14","Y14_2022","owner","J1325","J1325","J5090","J1325 J3693","J1325 J3693","J1325 J3693_2022",5,3,492.5,0.158,17.792675025311,"positive",1,1,0.158,"J1325J3693",NA,NA,44.25,"J1325J3693_2022",246.6,3.68306937797516,"J5090J3693_2023",2021,"J1325J3693_2021",NA,0.158,NA,NA,2023,NA,-1,1,2,2,5,"Low",NA,NA,NA,NA,17.8056365593358,0.144578313253012,17.792675025311,"J5090 J3693",0.0785977328862376,NA,NA,NA,NA,NA,NA,NA,NA,NA,NA,NA,2287,1
"J3702","B",7,"B7",2023,"13/04/2023","Z06","EY24317",11.3,0.0951,0.0813,81.3,3,2,0.25,1,843.8,0.0844,3.89,3.89,"Z","M",2,"Z06_2023",2022,0,3,3,"J3702_2021","J3702_2022","J3702_2023",NA,NA,NA,NA,45.3,252.6,45.3,252.6,NA,"NA_2022","non-owner",NA,"J3715","J3715",NA,"J3715 J3702","J3715 J3702_2022",NA,NA,NA,NA,1.4536442372341,"positive",1,1,NA,"J3715J3702",NA,NA,45.3,"J3715J3702_2022",252.6,2.07195251364775,"J3715J3702_2023",2021,"NA_2021",NA,NA,NA,2022,NA,0,NA,1,1,1,3,"Low",-23.05877154,3,"Z","same_site",1.46660577125896,-1.85542168674699,1.4536442372341,"J3715 J3702",NA,1,1.25899982452393,3,0.000724480449759308,0,0.059430104778942,0.019810034926314,0.11529488214739,1,2.95496661807155,1.20227393356503,NA,270
"J3715","B",45,"B45",2023,"13/04/2023","Z06","EY24330",11.2,0.0859,0.0835,83.5,3,1.5,0.25,1,637.6,0.0638,3.82,3.82,"Z","F",NA,"Z06_2023",2022,0,3,3,"J3715_2021","J3715_2022","J3715_2023",NA,NA,NA,NA,43.3,248.4,43.3,248.4,NA,"NA_2022","non-owner",NA,"J3702","J3702",NA,"J3715 J3702","J3715 J3702_2022",NA,NA,NA,NA,10.8521531419678,"positive",1,0,NA,"J3715J3702",NA,NA,43.3,"J3715J3702_2022",248.4,12.3693179695095,"J3715J3702_2023",2021,"NA_2021",NA,NA,NA,2022,2023,0,-1,1,1,1,3,"Low",-37.40915105,3,"Z","same_site",10.8651146759926,-1.85542168674699,10.8521531419678,"J3715 J3702",NA,NA,NA,NA,NA,NA,NA,NA,NA,NA,NA,NA,NA,378
"J3899","B",48,"B48",2023,"17/06/2023","Y02","EA78532",11.2,0.0881,0.0839,83.9,3,1.5,0.25,1,596.9,0.0597,3.56,3.56,"Y","F",0,"Y02_2023",2022,0,5,5,"J3899_2021","J3899_2022","J3899_2023",NA,NA,NA,NA,42.2,213.6,42.2,213.6,NA,"NA_2022","non-owner","J2488",NA,"J2488","J3899 J2488",NA,"NA_2022",NA,NA,NA,NA,-16.4686669604288,"negative",0,0,NA,NA,NA,NA,42.65,"NA_2022",216.15,-15.1690382573356,"J3899J2488_2023",2021,"J3899J2488_2021",NA,NA,NA,2021,NA,1,NA,1,1,1,3,"Medium",NA,NA,NA,NA,-16.4557054264039,0.144578313253012,-16.4686669604288,"J3899 J2488",NA,27,3.02311110496521,39,0.190215571353346,24,1.28001851957797,0.0328209876814865,0.225452022207839,0.723346828609986,-0.0931371633952873,-0.160693300523703,600,189
"J3987","B",12,"B12",2023,"17/06/2023","Y19","EA78622",11.5,0.0916,0.0889,88.9,3,1.5,0.25,1,1077.6,0.1078,6.06,6.06,"Y","F",0,"Y19_2023",2022,0,5,5,"J3987_2021","J3987_2022","J3987_2023",NA,NA,NA,NA,42.9,225.5,42.9,225.5,"Y19","Y19_2022","owner","UNM6.21.Y19","J4574","J4574","J3987 UNM6.21.Y19","J3987 J4574","J3987 J4574_2022",NA,NA,NA,NA,-9.3281450770855,"negative",0,0,NA,"J3987J4574",1,"Low",42.8285714285714,"J3987J4574_2022",230.7375,-1.87594588732315,"J3987J4574_2023",2021,"J3987UNM6.21.Y19_2021",NA,NA,NA,NA,NA,NA,NA,2,1,2,5,"Medium",NA,NA,NA,NA,-9.31518354306064,0.144578313253012,-9.3281450770855,"J3987 J4574",NA,126,7.73576191304222,56,0.352875995446564,2,1.6978795781427,0.0303192781811196,0.16560366115802,0.72012987012987,-0.384105253279675,1.47891656097449,NA,62
"J4109","B",30,"B30",2023,"27/05/2023","Y05","EY24333",10.4,0.0827,0.0778,77.8,3,1.5,0.25,1,650.5,0.0651,4.18,4.18,"Y","F",0.5,"Y05_2023",2022,0,2,2,"J4109_2021","J4109_2022","J4109_2023",NA,NA,43.4,212.2,43.8,229.1,43.6,220.65,NA,"NA_2022","non-owner",NA,NA,"J4111",NA,NA,"NA_2022",NA,NA,NA,NA,-18.9376231937423,"negative",0,0,NA,NA,NA,NA,43.6,"NA_2022",220.65,-10.555023394456,"J4109J4111_2023",2021,"NA_2021",NA,NA,NA,NA,NA,NA,NA,1,1,1,3,"Medium",-3.027401874,2,"Y","same_site",-18.9246616597174,-2.85542168674699,-18.9376231937423,"J4109 J4111",NA,183,2.94346994910735,106,0.573844425323385,1813,2.7825955405105,0.0262509013255708,0.258951248991751,0.397843665768194,-4.04795075123833,-0.27493738748499,NA,106
"J4111","B",21,"B21",2023,"17/06/2023","Y05","EY24334",11.5,0.1017,0.0917,91.7,3,1.5,0.25,1,1169.2,0.1169,6.38,6.38,"Y","M",0,"Y05_2023",2022,0,2,2,"J4111_2021","J4111_2022","J4111_2023",NA,NA,45.8,254.3,NA,NA,45.8,254.3,NA,"NA_2022","non-owner",NA,NA,"J4109",NA,NA,"NA_2022",NA,NA,NA,NA,-0.245982988949296,"negative",0,1,NA,NA,NA,NA,45.6333333333333,"NA_2022",244.9,-6.45238885031768,"J4109J4111_2023",2021,"NA_2021",NA,NA,NA,2023,NA,-1,NA,1,1,1,3,"Medium",3.845601407,2,"Y","same_site",-0.233021454924438,-2.85542168674699,-0.245982988949296,"J4109 J4111",NA,114,1.8423070154692,73,0.32533456929804,233,1.65475751408572,0.0226679111518591,0.23258739953793,0.529299847792998,-1.62202470394028,0.118783838886579,NA,32
"J4521","B",41,"B41",2023,"17/06/2023","Y27","EA78845",11.3,0.0963,0.0938,93.8,3,1.5,0.25,1,1035.3,0.1035,5.52,5.52,"Y","M",2.4,"Y27_2023",2022,0,4,4,"J4521_2021","J4521_2022","J4521_2023",45.2,270.1,NA,NA,44.8,258.2,45,264.15,"Y27","Y27_2022","owner","J1056","J1056","J1056","J1056 J4521","J1056 J4521","J1056 J4521_2022",5,2,462.9,0.039,15.0434205729441,"positive",1,1,0.039,"J1056J4521",2,"Low",44.675,"J1056J4521_2022",262.15,16.1523792186045,"J1056J4521_2023",2021,"J1056J4521_2021",NA,0.039,NA,NA,NA,NA,NA,1,1,1,3,"Low",NA,NA,NA,NA,15.056382106969,-0.855421686746988,15.0434205729441,"J1056 J4521",-0.0404022671137624,781,6.58377464754786,89,0.911785785684689,538,2.94427079342604,0.0330816943081578,0.236786987039633,0.588100102145046,-3.47685004319478,1.08219676298084,3235,36
"J4645","B",60,"B60",2023,"27/05/2023","Y22","EA78773",10,0.0704,0.0644,64.4,3,1.5,0.25,1,424.4,0.0424,3.3,3.3,"Y","F",0.666666666666667,"Y22_2023",2022,0,3,3,"J4645_2021","J4645_2022","J4645_2023",NA,NA,NA,NA,42,202.3,42,202.3,"Y22","Y22_2022","owner",NA,"J4646","J4646",NA,"J4645 J4646","J4645 J4646_2022",3,2,449.4,0.029,-26.4088160699554,"negative",0,0,0.029,"J4645J4646",2,"Low",42.0428571428571,"J4645J4646_2022",207.4,-19.5180523153775,"J4646J4645_2023",2021,"NA_2021",NA,0.029,NA,NA,NA,NA,NA,1,1,1,3,"Medium",NA,NA,NA,NA,-26.3958545359305,-1.85542168674699,-26.4088160699554,"J4646 J4645",-0.0504022671137624,855,9.57257895107158,116,0.847308377557406,3195,3.33231398797898,0.0287268447239567,0.256933505504472,0.426986506746627,-5.19238379236488,-0.315064857034369,1266,1
"J4646","B",14,"B14",2023,"17/06/2023","Y22","EA78774",11.8,0.0981,0.0975,97.5,3,1.5,0.25,1,783.8,0.0784,4.02,4.02,"Y","M",0.1,"Y22_2023",2022,0,3,3,"J4646_2021","J4646_2022","J4646_2023",NA,NA,NA,NA,45.2,256.9,45.2,256.9,"Y22","Y22_2022","owner",NA,"J4645","J4645",NA,"J4645 J4646","J4645 J4646_2022",3,2,449.4,0.029,6.43356968247073,"positive",1,1,0.029,"J4645J4646",2,"Low",44.7666666666667,"J4645J4646_2022",253.344444444444,6.6823610796553,"J4645J4646_2023",2021,"NA_2021",NA,0.029,NA,NA,NA,NA,NA,1,1,1,3,"Medium",NA,NA,NA,NA,6.44653121649559,-1.85542168674699,6.43356968247073,"J4645 J4646",-0.0504022671137624,1148,7.51069773614199,118,0.875250623080069,3707,3.50978455454261,0.0297439369029035,0.241735124639525,0.410401274808054,-5.40702338850212,-0.139717630957097,1257,9
"J4666","B",29,"B29",2023,"25/05/2023","Y03","EA78775",12.1,0.0978,0.0933,93.3,3,1.5,0.25,1,537.3,0.0537,2.88,2.88,"Y","M",1.4,"Y03_2023",2022,0,3,3,"J4666_2021","J4666_2022","J4666_2023",NA,NA,43.6,252.6,41.7,232.3,42.65,242.45,"Y03","Y03_2022","owner",NA,"J3283","J3283",NA,"J3283 J4666","J3283 J4666_2022",2,0,NA,NA,9.32166853600614,"positive",1,1,NA,"J3283J4666",3,"Medium",42.02,"J3283J4666_2022",229.82,3.0676318612609,"J3283J4666_2023",2021,"NA_2021",NA,NA,NA,NA,NA,NA,NA,1,1,1,3,"Medium",NA,NA,NA,NA,9.334630070031,-1.85542168674699,9.32166853600614,"J3283 J4666",NA,NA,NA,NA,NA,NA,NA,NA,NA,NA,NA,NA,1342,205
"J4940","B",62,"B62",2023,"17/06/2023","Z38","EA78778",7,0.0446,0.0348,34.8,3,1.5,0.25,1,284.6,0.0285,4.09,4.09,"Z","F",0.5,"Z38_2023",2022,0,3,3,"J4940_2021","J4940_2022","J4940_2023",NA,NA,NA,NA,41.8,215.8,41.8,215.8,"Z06","Z06_2022","owner",NA,"J1879","J933",NA,"J4940 J1879","J4940 J1879_2022",5,0,NA,NA,-11.548965179482,"negative",0,0,NA,"J4940J1879",4,"Medium",41.3,"J4940J1879_2022",226,4.46668342537116,"J4940J933_2023",2021,"NA_2021",NA,NA,NA,NA,2023,NA,-1,1,2,1,4,"Low",NA,NA,NA,NA,-11.5360036454571,-1.85542168674699,-11.548965179482,"J4940 J933",NA,NA,NA,NA,NA,NA,NA,NA,NA,NA,NA,NA,NA,79
"J5087","B",44,"B44",2023,"03/04/2023","Y16","EA79218",10.5,0.072,0.0733,73.3,3,1.5,0.25,1,411,0.0411,2.8,2.8,"Y","M",NA,"Y16_2023",2022,0,2,2,"J5087_2021","J5087_2022","J5087_2023",NA,NA,NA,NA,39.6,213.4,39.6,213.4,NA,"NA_2022","non-owner",NA,NA,"J4104",NA,NA,"NA_2022",NA,NA,NA,NA,1.00939461572502,"positive",1,1,NA,NA,NA,NA,39.6,"NA_2022",213.4,4.18944406285359,"J4104J5087_2023",2021,"NA_2021",NA,NA,NA,NA,NA,NA,NA,1,1,1,3,"Low",NA,NA,NA,NA,1.02235614974988,-2.85542168674699,1.00939461572502,"J4104 J5087",NA,NA,NA,NA,NA,NA,NA,NA,NA,NA,NA,NA,NA,NA
"J5088","B",49,"B49",2023,"07/04/2023","Y31","EA79219",11.1,0.0898,0.0926,92.6,3,1.5,0.25,1,631.9,0.0632,3.41,3.41,"Y","F",NA,"Y31_2023",2022,0,2,2,"J5088_2021","J5088_2022","J5088_2023",NA,NA,NA,NA,42.1,250.3,42.1,250.3,NA,"NA_2022","non-owner",NA,NA,"J2072",NA,NA,"NA_2022",NA,NA,NA,NA,20.9112584848079,"positive",1,0,NA,NA,NA,NA,42.1,"NA_2022",250.3,22.9677372430265,"J5088J2072_2023",2021,"NA_2021",NA,NA,NA,NA,NA,NA,NA,1,1,1,3,"Low",NA,NA,NA,NA,20.9242200188328,-2.85542168674699,20.9112584848079,"J5088 J2072",NA,NA,NA,NA,NA,NA,NA,NA,NA,NA,NA,NA,NA,NA
"J5089","B",56,"B56",2023,"08/04/2023","Y35","EA79220",11.3,0.0875,0.0836,83.6,3,1.5,0.25,1,372.7,0.0373,2.23,2.23,"Y","F",1,"Y35_2023",2022,0,2,2,"J5089_2021","J5089_2022","J5089_2023",NA,NA,NA,NA,42.8,258.6,42.8,258.6,NA,"NA_2022","non-owner",NA,NA,"J2126",NA,NA,"NA_2022",NA,NA,NA,NA,24.4517803681512,"positive",1,0,NA,NA,NA,NA,42.8,"NA_2022",258.6,26.1936593334749,"J5089J2126_2023",2021,"NA_2021",NA,NA,NA,NA,NA,NA,NA,1,1,1,3,"Low",NA,NA,NA,NA,24.4647419021761,-2.85542168674699,24.4517803681512,"J5089 J2126",NA,NA,NA,NA,NA,NA,NA,NA,NA,NA,NA,NA,NA,NA
"J5090","B",22,"B22",2023,"09/04/2023","Y17","EA79221",10.4,0.0769,0.0693,69.3,3,1.5,0.25,1,288.6,0.0289,2.08,2.08,"Y","F",NA,"Y17_2023",2022,0,2,2,"J5090_2021","J5090_2022","J5090_2023",NA,NA,NA,NA,42.1,258.2,42.1,258.2,NA,"NA_2022","non-owner",NA,NA,"J3693",NA,NA,"NA_2022",NA,NA,NA,NA,28.8112584848079,"positive",1,0,NA,NA,NA,NA,42.1,"NA_2022",258.2,30.8677372430264,"J5090J3693_2023",2021,"NA_2021",NA,NA,NA,NA,NA,NA,NA,1,1,1,3,"Low",NA,NA,NA,NA,28.8242200188328,-2.85542168674699,28.8112584848079,"J5090 J3693",NA,NA,NA,NA,NA,NA,NA,NA,NA,NA,NA,NA,NA,NA
"J5123","B",63,"B63",2023,"15/04/2023","X32","EA79222",11.7,0.092,0.0833,83.3,3,1.5,0.25,1,613.7,0.0614,3.68,3.68,"X","F",NA,"X32_2023",2022,0,2,2,"J5123_2021","J5123_2022","J5123_2023",NA,NA,NA,NA,41.1,249.2,41.1,249.2,NA,"NA_2022","non-owner",NA,NA,"J5124",NA,NA,"NA_2022",NA,NA,NA,NA,26.6105129371748,"positive",1,0,NA,NA,NA,NA,41.1,"NA_2022",249.2,29.1164199709573,"J5123J5124_2023",2021,"NA_2021",NA,NA,NA,NA,NA,NA,NA,1,1,1,3,"",NA,NA,NA,NA,26.6234744711996,-2.85542168674699,26.6105129371748,"J5123 J5124",NA,NA,NA,NA,NA,NA,NA,NA,NA,NA,NA,NA,NA,NA
"J5124","B",36,"B36",2023,"15/04/2023","X32","EA79223",12,0.1081,0.1121,112.1,3,1.5,0.25,1,950.3,0.095,4.24,4.24,"X","M",NA,"X32_2023",2022,0,2,2,"J5124_2021","J5124_2022","J5124_2023",NA,NA,NA,NA,43.3,265.6,43.3,265.6,NA,"NA_2022","non-owner",NA,NA,"J5123",NA,NA,"NA_2022",NA,NA,NA,NA,28.0521531419678,"positive",1,1,NA,NA,NA,NA,43.3,"NA_2022",265.6,29.5693179695095,"J5123J5124_2023",2021,"NA_2021",NA,NA,NA,NA,NA,NA,NA,1,1,1,3,"",NA,NA,NA,NA,28.0651146759926,-2.85542168674699,28.0521531419678,"J5123 J5124",NA,NA,NA,NA,NA,NA,NA,NA,NA,NA,NA,NA,NA,NA
"J5126","B",51,"B51",2023,"18/05/2023","X36","EA79226",10.4,0.0777,0.0687,68.7,3,1.5,0.25,1,585.6,0.0586,4.26,4.26,"X","F",NA,"X36_2023",2022,0,2,2,"J5126_2021","J5126_2022","J5126_2023",NA,NA,NA,NA,41.7,207.1,41.7,207.1,NA,"NA_2022","non-owner",NA,NA,"J5496",NA,NA,"NA_2022",NA,NA,NA,NA,-19.5690397342453,"negative",0,0,NA,NA,NA,NA,41.7,"NA_2022",207.1,-17.3327896658012,"J5126J5496_2023",2021,"NA_2021",NA,NA,NA,NA,NA,NA,NA,1,1,1,3,"",NA,NA,NA,NA,-19.5560782002205,-2.85542168674699,-19.5690397342453,"J5126 J5496",NA,NA,NA,NA,NA,NA,NA,NA,NA,NA,NA,NA,NA,NA
"J5319","B",8,"B8",2023,"21/04/2023","X38","EA79224",11.9,0.1047,0.0925,92.5,3,2,0.25,1,796,0.0796,3.23,3.23,"X","M",NA,"X38_2023",2022,0,2,2,"J5319_2021","J5319_2022","J5319_2023",NA,NA,NA,NA,42,255.8,42,255.8,NA,"NA_2022","non-owner",NA,NA,NA,NA,NA,"NA_2022",NA,NA,NA,NA,27.0911839300446,"positive",1,1,NA,NA,NA,NA,42,"NA_2022",255.8,29.1926055158196,"NA_2023",2021,"NA_2021",NA,NA,NA,NA,NA,NA,NA,1,1,1,3,"",NA,NA,NA,NA,27.1041454640695,-2.85542168674699,27.0911839300446,"NA J5319",NA,NA,NA,NA,NA,NA,NA,NA,NA,NA,NA,NA,NA,NA
"J5320","B",13,"B13",2023,"21/04/2023","X38","EA79225",10.2,0.0775,0.0676,67.6,3,1.5,0.25,1,724,0.0724,5.36,5.36,"X","F",NA,"X38_2023",2022,0,2,2,"J5320_2021","J5320_2022","J5320_2023",NA,NA,NA,NA,41.4,248.1,41.4,248.1,NA,"NA_2022","non-owner",NA,NA,"J4166",NA,NA,"NA_2022",NA,NA,NA,NA,23.4707366014647,"positive",1,0,NA,NA,NA,NA,41.4,"NA_2022",248.1,25.8418151525781,"J5320J4166_2023",2021,"NA_2021",NA,NA,NA,NA,NA,NA,NA,1,1,1,3,"",NA,NA,NA,NA,23.4836981354896,-2.85542168674699,23.4707366014647,"J5320 J4166",NA,NA,NA,NA,NA,NA,NA,NA,NA,NA,NA,NA,NA,NA
"J5462","B",25,"B25",2023,"25/05/2023","MW02","EA79236",11.2,0.0803,0.0792,79.2,3,1.5,0.25,1,353.6,0.0354,2.23,2.23,"MW","M",NA,"MW02_2023",2022,0,2,2,"J5462_2021","J5462_2022","J5462_2023",NA,NA,NA,NA,42.5,250.6,42.5,250.6,NA,"NA_2022","non-owner",NA,NA,"J3866",NA,NA,"NA_2022",NA,NA,NA,NA,18.4915567038612,"positive",1,1,NA,NA,NA,NA,42.5,"NA_2022",250.6,20.3682641518541,"J3866J5462_2023",2021,"NA_2021",NA,NA,NA,NA,NA,NA,NA,1,1,1,3,NA,NA,NA,NA,NA,18.5045182378861,-2.85542168674699,18.4915567038612,"J3866 J5462",NA,NA,NA,NA,NA,NA,NA,NA,NA,NA,NA,NA,NA,NA
"J5463","B",18,"B18",2023,"25/05/2023","MW06","EA79237",11.1,0.0905,0.0837,83.7,3,1.5,0.25,1,763.4,0.0763,4.56,4.56,"MW","M",NA,"MW06_2023",2022,0,2,2,"J5463_2021","J5463_2022","J5463_2023",NA,NA,NA,NA,41.6,240.4,41.6,240.4,NA,"NA_2022","non-owner",NA,NA,"unm6.MW06.23",NA,NA,"NA_2022",NA,NA,NA,NA,14.4108857109914,"positive",1,1,NA,NA,NA,NA,41.6,"NA_2022",240.4,16.6920786069919,"unm6.MW06.23J5463_2023",2021,"NA_2021",NA,NA,NA,NA,NA,NA,NA,1,1,1,3,NA,NA,NA,NA,NA,14.4238472450162,-2.85542168674699,14.4108857109914,"unm6.MW06.23 J5463",NA,NA,NA,NA,NA,NA,NA,NA,NA,NA,NA,NA,NA,NA
"J5469","B",54,"B54",2023,"29/05/2023","MW01","EA79266",10.8,0.0817,0.0777,77.7,3,1.5,0.25,1,713.4,0.0713,4.59,4.59,"MW","F",NA,"MW01_2023",2022,0,2,2,"J5469_2021","J5469_2022","J5469_2023",NA,NA,NA,NA,42.1,194.7,42.1,194.7,NA,"NA_2022","non-owner",NA,NA,"J5504",NA,NA,"NA_2022",NA,NA,NA,NA,-34.6887415151921,"negative",0,0,NA,NA,NA,NA,42.1,"NA_2022",194.7,-32.6322627569736,"J5469J5504_2023",2021,"NA_2021",NA,NA,NA,NA,NA,NA,NA,1,1,1,3,NA,NA,NA,NA,NA,-34.6757799811672,-2.85542168674699,-34.6887415151921,"J5469 J5504",NA,NA,NA,NA,NA,NA,NA,NA,NA,NA,NA,NA,NA,NA
"J5496","B",23,"B23",2023,"03/06/2023","X36","EA79359",11.8,0.1029,0.0971,97.1,3,1.5,0.25,1,860.4,0.086,4.43,4.43,"X","M",NA,"X36_2023",2022,0,2,2,"J5496_2021","J5496_2022","J5496_2023",NA,NA,NA,NA,NA,NA,NA,NA,NA,"NA_2022","non-owner",NA,NA,"J5126",NA,NA,"NA_2022",NA,NA,NA,NA,NA,NA,NA,1,NA,NA,NA,NA,43.1,"NA_2022",252.5,17.9190545150956,"J5126J5496_2023",2021,"NA_2021",NA,NA,NA,NA,NA,NA,NA,1,1,1,3,"",NA,NA,NA,NA,17.9320160491205,-2.85542168674699,17.9190545150956,"J5126 J5496",NA,NA,NA,NA,NA,NA,NA,NA,NA,NA,NA,NA,NA,NA
"J5503","B",46,"B46",2023,"05/06/2023","Y20","EA79401",12.6,0.1134,0.123,123,3,1.5,0.25,1,602.3,0.0602,2.45,2.45,"Y","M",NA,"Y20_2023",2022,0,2,2,"J5503_2021","J5503_2022","J5503_2023",NA,NA,NA,NA,44.3,269.8,44.3,269.8,NA,"NA_2022","non-owner",NA,NA,"J792",NA,NA,"NA_2022",NA,NA,NA,NA,25.4528986896009,"positive",1,1,NA,NA,NA,NA,44.3,"NA_2022",269.8,26.5206352415786,"J792J5503_2023",2021,"NA_2021",NA,NA,NA,NA,NA,NA,NA,1,1,1,3,"Medium",NA,NA,NA,NA,25.4658602236258,-2.85542168674699,25.4528986896009,"J792 J5503",NA,NA,NA,NA,NA,NA,NA,NA,NA,NA,NA,NA,NA,NA
"J5516","B",32,"B32",2023,"16/06/2023","Z22","EA79429",11.1,0.0835,0.0762,76.2,3,1.5,0.25,1,913.4,0.0913,5.99,5.99,"Z","F",NA,"Z22_2023",2022,0,2,2,"J5516_2021","J5516_2022","J5516_2023",NA,NA,NA,NA,43.5,223.2,43.5,223.2,NA,"NA_2022","non-owner",NA,NA,"J3716",NA,NA,"NA_2022",NA,NA,NA,NA,-15.7076977485056,"negative",0,0,NA,NA,NA,NA,43.5,"NA_2022",223.2,-14.2804185760767,"J5516J3716_2023",2021,"NA_2021",NA,NA,NA,NA,NA,NA,NA,1,1,1,3,"High",NA,NA,NA,NA,-15.6947362144808,-2.85542168674699,-15.7076977485056,"J5516 J3716",NA,NA,NA,NA,NA,NA,NA,NA,NA,NA,NA,NA,NA,NA
"J587","B",2,"B2",2023,"17/05/2023","Z44","EY69550",12.1,0.1073,0.0975,97.5,3,2,0.25,1,742.9,0.0743,2.86,2.86,"Z","M",4.33333333333333,"Z44_2023",2022,0,9,9,"J587_2021","J587_2022","J587_2023",NA,NA,NA,NA,44.4,252.7,44.4,252.7,"Z44","Z44_2022","owner","J908","J908","J908","J908 J587","J908 J587","J908 J587_2022",5,0,NA,NA,7.67297324436424,"positive",1,1,NA,"J908J587",1,"Low",44.48,"J908J587_2022",257.68,13.9334645595959,"J908J587_2023",2021,"J908J587_2021",NA,NA,NA,NA,NA,NA,NA,1,1,1,3,"Low",8.836855508,3,"Z","same_site",7.6859347783891,4.14457831325301,7.67297324436424,"J908 J587",NA,64,5.51356249302626,45,0.0289562370476677,0,1.4044674257061,0.0312103872379133,0.216759656937721,0.536363636363636,-0.359306136655179,-0.0554731599523936,NA,32
"J792","B",26,"B26",2023,"01/06/2023","Y20","EY69524",11.4,0.0906,0.0832,83.2,3,1.5,0.25,1,563.8,0.0564,3.39,3.39,"Y","F",NA,"Y20_2023",2022,0,11,11,"J792_2021","J792_2022","J792_2023",NA,NA,NA,NA,41.3,207.5,41.3,207.5,NA,"NA_2022","non-owner",NA,NA,"J5503",NA,NA,"NA_2022",NA,NA,NA,NA,-16.4493379532986,"negative",0,0,NA,NA,NA,NA,40.325,"NA_2022",200.55,-13.9158509148963,"J792J5503_2023",2021,"NA_2021",NA,NA,NA,NA,2017,NA,5,1,1,1,3,"Medium",NA,NA,NA,NA,-16.4363764192737,6.14457831325301,-16.4493379532986,"J792 J5503",NA,NA,NA,NA,NA,NA,NA,NA,NA,NA,NA,NA,NA,20
"J837","B",37,"B37",2023,"10/04/2023","Z13","EY69668",12.8,0.117,0.106,106,3,1.5,0.25,1,385.3,0.0385,1.82,1.82,"Z","M",1,"Z13_2023",2022,0,10,10,"J837_2021","J837_2022","J837_2023",NA,NA,NA,NA,44.2,290.5,44.2,290.5,"Z13","Z13_2022","owner","J2375","J2375","J2375","J2375 J837","J2375 J837","J2375 J837_2022",5,2,480.8,NA,46.8328241348376,"positive",1,1,NA,"J2375J837",6,"High",44.98,"J2375J837_2022",258.4,13.3214256048201,"J2375J837_2023",2021,"J2375J837_2021",NA,NA,NA,NA,NA,NA,NA,1,1,1,3,"Medium",NA,NA,NA,NA,46.8457856688624,5.14457831325301,46.8328241348376,"J2375 J837",NA,287,17.649898956877,72,0.0899154511617453,19,2.61276421863655,0.0362883919255076,0.205941970903927,0.624413145539906,-1.23730028821339,0.713142293868065,2611,29
"J909","B",5,"B5",2023,"11/04/2023","Z17","EY69740",12.3,0.1084,0.1103,110.3,3,2,0.25,1,556,0.0556,1.89,1.89,"Z","M",1.5,"Z17_2023",2022,0,9,9,"J909_2021","J909_2022","J909_2023",NA,NA,NA,NA,45.4,278.5,45.4,278.5,"Z17","Z17_2022","owner","J990","J990","J990","J990 J909","J990 J909","J990 J909_2022",2,0,NA,NA,26.6737187919974,"positive",1,1,NA,"J990J909",2,"Low",44.78,"J990J909_2022",253.5,11.5026426730183,"J990J909_2023",2021,"J990J909_2021",NA,NA,NA,NA,NA,NA,NA,1,1,1,3,"Medium",NA,NA,NA,NA,26.6866803260223,4.14457831325301,26.6737187919974,"J990 J909",NA,NA,NA,NA,NA,NA,NA,NA,NA,NA,NA,NA,992,35
"J933","B",39,"B39",2023,"17/06/2023","Z38","EY69765",12.5,0.1194,0.1053,105.3,3,1.5,0.25,1,1082.7,0.1083,5.14,5.14,"Z","M",2.125,"Z38_2023",2022,0,10,10,"J933_2021","J933_2022","J933_2023",NA,NA,NA,NA,42.8,241.8,42.8,241.8,"Z38","Z38_2022","owner","J1355","J1355","J4940","J1355 J933","J1355 J933","J1355 J933_2022",4,2,435.4,NA,7.6517803681512,"positive",1,1,NA,"J1355J933",1,"Low",42.6444444444444,"J1355J933_2022",240.455555555556,9.94035320856534,"J4940J933_2023",2021,"J1355J933_2021",NA,NA,NA,NA,2023,NA,-1,1,2,2,5,"Low",NA,NA,NA,NA,7.66474190217606,5.14457831325301,7.6517803681512,"J4940 J933",NA,227,18.9846299450828,63,0.0621139489358404,5,1.8815179264457,0.0298653639118365,0.19660076325349,0.688172043010753,-0.438180895733383,0.589763636697205,NA,9
"J972","B",28,"B28",2023,"27/05/2023","Y25","EY69806",11,0.0963,0.1042,104.2,3,1.5,0.25,1,409.2,0.0409,1.96,1.96,"Y","M",1.35294117647059,"Y25_2023",2022,0,9,9,"J972_2021","J972_2022","J972_2023",NA,NA,NA,NA,44.7,234.8,44.7,234.8,"Y25","Y25_2022","owner","J1893","J1893","J1893","J1893 J972","J1893 J972","J1893 J972_2022",4,2,417.1,0.023,-12.2668030913458,"negative",0,1,0.023,"J1893J972",3,"Medium",45.19,"J1893J972_2022",234.631578947368,-13.9361224814775,"J1893J972_2023",2021,"J1893J972_2021",NA,0.023,NA,NA,2018,NA,4,1,1,1,3,"Low",NA,NA,NA,NA,-12.253841557321,4.14457831325301,-12.2668030913458,"J1893 J972",-0.0564022671137624,557,9.15856373545511,86,0.760962580511691,80,2.71935637688504,0.0316204229870354,0.201451704747078,0.632831737346101,-2.57197506112298,1.72124769857728,2216,6
"J990","B",55,"B55",2023,"13/04/2023","Z17","EY69888",11.1,0.0853,0.0771,77.1,3,1.5,0.25,1,312,0.0312,2.02,2.02,"Z","F",0.5,"Z17_2023",2022,0,8,8,"J990_2021","J990_2022","J990_2023",NA,NA,NA,NA,42.8,254.8,42.8,254.8,"Z17","Z17_2022","owner","J909","J909","J909","J990 J909","J990 J909","J990 J909_2022",2,0,NA,NA,20.6517803681512,"positive",1,0,NA,"J990J909",2,"Low",43.0666666666667,"J990J909_2022",236.866666666667,2.52734393935996,"J990J909_2023",2021,"J990J909_2021",NA,NA,NA,NA,NA,NA,NA,1,1,1,3,"Medium",19.57697108,4,"Z","same_site",20.6647419021761,3.14457831325301,20.6517803681512,"J990 J909",NA,23,7.7590869716976,37,0.0217603691315489,0,0.786018371257096,0.0212437397637053,0.218044343268991,0.869369369369369,0.879585327426153,-0.407924946698936,713,54
